[
  {
    "id": 1,
    "expression": "5*5",
    "result": 25.0,
    "created_at": "2025-06-28 10:54:23"
  },
  {
    "id": 2,
    "expression": "785*556",
    "result": 436460.0,
    "created_at": "2025-06-28 11:01:35"
  },
  {
    "id": 3,
    "expression": "6510+698",
    "result": 7208.0,
    "created_at": "2025-06-28 11:01:42"
  },
  {
    "id": 4,
    "expression": "7208812/9999",
    "result": 720.953,
    "created_at": "2025-06-28 11:01:48"
  },
  {
    "id": 5,
    "expression": "9999*9999",
    "result": 99980000.0,
    "created_at": "2025-06-28 11:02:56"
  },
  {
    "id": 6,
    "expression": "55-55",
    "result": 0.0,
    "created_at": "2025-06-28 11:05:29"
  },
  {
    "id": 7,
    "expression": "9999*9999",
    "result": 99980000.0,
    "created_at": "2025-06-28 11:06:59"
  },
  {
    "id": 8,
    "expression": "7208812/9999",
    "result": 720.953,
    "created_at": "2025-06-28 11:07:00"
  },
  {
    "id": 9,
    "expression": "6510+698",
    "result": 7208.0,
    "created_at": "2025-06-28 11:07:01"
  },
  {
    "id": 10,
    "expression": "55-55",
    "result": 0.0,
    "created_at": "2025-06-28 11:07:01"
  },
  {
    "id": 11,
    "expression": "55-55",
    "result": 0.0,
    "created_at": "2025-06-28 11:07:01"
  },
  {
    "id": 12,
    "expression": "55-55",
    "result": 0.0,
    "created_at": "2025-06-28 11:07:02"
  },
  {
    "id": 13,
    "expression": "55-55",
    "result": 0.0,
    "created_at": "2025-06-28 11:07:02"
  },
  {
    "id": 14,
    "expression": "7208812/9999",
    "result": 720.953,
    "created_at": "2025-06-28 11:07:03"
  },
  {
    "id": 15,
    "expression": "9999*9999",
    "result": 99980000.0,
    "created_at": "2025-06-28 11:07:04"
  },
  {
    "id": 16,
    "expression": "9999*9999",
    "result": 99980000.0,
    "created_at": "2025-06-28 11:07:04"
  },
  {
    "id": 17,
    "expression": "9999*9999",
    "result": 99980000.0,
    "created_at": "2025-06-28 11:07:04"
  },
  {
    "id": 18,
    "expression": "6510+698",
    "result": 7208.0,
    "created_at": "2025-06-28 11:07:05"
  },
  {
    "id": 19,
    "expression": "9999*9999",
    "result": 99980000.0,
    "created_at": "2025-06-28 11:07:05"
  },
  {
    "id": 20,
    "expression": "9999*9999",
    "result": 99980000.0,
    "created_at": "2025-06-28 11:07:05"
  },
  {
    "id": 21,
    "expression": "6510+698",
    "result": 7208.0,
    "created_at": "2025-06-28 11:07:06"
  },
  {
    "id": 22,
    "expression": "6510+698",
    "result": 7208.0,
    "created_at": "2025-06-28 11:07:07"
  },
  {
    "id": 23,
    "expression": "6510+698",
    "result": 7208.0,
    "created_at": "2025-06-28 11:07:07"
  },
  {
    "id": 24,
    "expression": "6510+698",
    "result": 7208.0,
    "created_at": "2025-06-28 11:07:07"
  },
  {
    "id": 25,
    "expression": "6510+698",
    "result": 7208.0,
    "created_at": "2025-06-28 11:07:07"
  },
  {
    "id": 26,
    "expression": "6510+698",
    "result": 7208.0,
    "created_at": "2025-06-28 11:07:07"
  },
  {
    "id": 27,
    "expression": "6510+698",
    "result": 7208.0,
    "created_at": "2025-06-28 11:07:07"
  },
  {
    "id": 28,
    "expression": "6510+698",
    "result": 7208.0,
    "created_at": "2025-06-28 11:07:08"
  },
  {
    "id": 29,
    "expression": "6510+698",
    "result": 7208.0,
    "created_at": "2025-06-28 11:07:08"
  },
  {
    "id": 30,
    "expression": "6510+698",
    "result": 7208.0,
    "created_at": "2025-06-28 11:07:09"
  },
  {
    "id": 31,
    "expression": "7208557/999",
    "result": 7215.77,
    "created_at": "2025-06-28 11:07:14"
  },
  {
    "id": 32,
    "expression": "7208557/999",
    "result": 7215.77,
    "created_at": "2025-06-28 11:07:15"
  },
  {
    "id": 33,
    "expression": "7208557/999",
    "result": 7215.77,
    "created_at": "2025-06-28 11:07:16"
  },
  {
    "id": 34,
    "expression": "6510+698",
    "result": 7208.0,
    "created_at": "2025-06-28 11:07:17"
  },
  {
    "id": 35,
    "expression": "653",
    "result": 653.0,
    "created_at": "2025-06-28 11:16:21"
  },
  {
    "id": 36,
    "expression": "653",
    "result": 653.0,
    "created_at": "2025-06-28 11:16:21"
  },
  {
    "id": 37,
    "expression": "785*556",
    "result": 436460.0,
    "created_at": "2025-06-28 11:17:49"
  },
  {
    "id": 38,
    "expression": "785*556",
    "result": 436460.0,
    "created_at": "2025-06-28 11:17:49"
  },
  {
    "id": 39,
    "expression": "7208812/9999",
    "result": 720.953,
    "created_at": "2025-06-28 11:17:50"
  },
  {
    "id": 40,
    "expression": "785*556",
    "result": 436460.0,
    "created_at": "2025-06-28 11:18:54"
  },
  {
    "id": 41,
    "expression": "7208812/9999",
    "result": 720.953,
    "created_at": "2025-06-28 11:19:02"
  },
  {
    "id": 42,
    "expression": "55-55",
    "result": 0.0,
    "created_at": "2025-06-28 11:19:02"
  },
  {
    "id": 43,
    "expression": "9999*9999",
    "result": 99980000.0,
    "created_at": "2025-06-28 11:19:03"
  },
  {
    "id": 44,
    "expression": "9999*9999",
    "result": 99980000.0,
    "created_at": "2025-06-28 11:19:03"
  },
  {
    "id": 45,
    "expression": "6510+698",
    "result": 7208.0,
    "created_at": "2025-06-28 11:19:03"
  },
  {
    "id": 46,
    "expression": "5*5",
    "result": 25.0,
    "created_at": "2025-06-28 11:19:04"
  },
  {
    "id": 47,
    "expression": "5*5",
    "result": 25.0,
    "created_at": "2025-06-28 11:19:04"
  },
  {
    "id": 48,
    "expression": "5*5",
    "result": 25.0,
    "created_at": "2025-06-28 11:19:04"
  },
  {
    "id": 49,
    "expression": "785*556",
    "result": 436460.0,
    "created_at": "2025-06-28 11:19:05"
  },
  {
    "id": 50,
    "expression": "7208812/9999",
    "result": 720.953,
    "created_at": "2025-06-28 11:19:05"
  },
  {
    "id": 51,
    "expression": "9999*9999",
    "result": 99980000.0,
    "created_at": "2025-06-28 11:19:05"
  },
  {
    "id": 52,
    "expression": "9999*9999",
    "result": 99980000.0,
    "created_at": "2025-06-28 11:19:05"
  },
  {
    "id": 53,
    "expression": "9999*9999",
    "result": 99980000.0,
    "created_at": "2025-06-28 11:19:05"
  },
  {
    "id": 54,
    "expression": "6510+698",
    "result": 7208.0,
    "created_at": "2025-06-28 11:19:06"
  },
  {
    "id": 55,
    "expression": "785*556",
    "result": 436460.0,
    "created_at": "2025-06-28 11:19:06"
  },
  {
    "id": 56,
    "expression": "9999*9999",
    "result": 99980000.0,
    "created_at": "2025-06-28 11:19:06"
  },
  {
    "id": 57,
    "expression": "9999*9999",
    "result": 99980000.0,
    "created_at": "2025-06-28 11:19:11"
  },
  {
    "id": 58,
    "expression": "785*556",
    "result": 436460.0,
    "created_at": "2025-06-28 11:19:12"
  },
  {
    "id": 59,
    "expression": "9999*9999",
    "result": 99980000.0,
    "created_at": "2025-06-28 11:19:13"
  },
  {
    "id": 60,
    "expression": "9999*9999",
    "result": 99980000.0,
    "created_at": "2025-06-28 11:19:13"
  },
  {
    "id": 61,
    "expression": "7208812/9999",
    "result": 720.953,
    "created_at": "2025-06-28 11:19:13"
  },
  {
    "id": 62,
    "expression": "7208812/9999",
    "result": 720.953,
    "created_at": "2025-06-28 11:19:14"
  },
  {
    "id": 63,
    "expression": "9999*9999",
    "result": 99980000.0,
    "created_at": "2025-06-28 11:19:14"
  },
  {
    "id": 64,
    "expression": "7208812/9999",
    "result": 720.953,
    "created_at": "2025-06-28 11:19:15"
  },
  {
    "id": 65,
    "expression": "7208812/9999",
    "result": 720.953,
    "created_at": "2025-06-28 11:19:15"
  },
  {
    "id": 66,
    "expression": "1+1",
    "result": 2.0,
    "created_at": "2025-06-28 11:19:28"
  },
  {
    "id": 67,
    "expression": "22+2",
    "result": 24.0,
    "created_at": "2025-06-28 11:19:31"
  },
  {
    "id": 68,
    "expression": "3+3",
    "result": 6.0,
    "created_at": "2025-06-28 11:19:34"
  },
  {
    "id": 69,
    "expression": "8*87*3",
    "result": 2088.0,
    "created_at": "2025-06-28 11:20:56"
  },
  {
    "id": 70,
    "expression": "1135-6",
    "result": 1129.0,
    "created_at": "2025-06-28 11:23:27"
  },
  {
    "id": 71,
    "expression": "777*8888",
    "result": 6905980.0,
    "created_at": "2025-06-28 11:25:14"
  },
  {
    "id": 72,
    "expression": "3+3",
    "result": 6.0,
    "created_at": "2025-06-28 11:25:24"
  },
  {
    "id": 73,
    "expression": "99*99",
    "result": 9801.0,
    "created_at": "2025-06-28 11:27:46"
  },
  {
    "id": 74,
    "expression": "99*99",
    "result": 9801.0,
    "created_at": "2025-06-28 11:27:48"
  },
  {
    "id": 75,
    "expression": "99*99",
    "result": 9801.0,
    "created_at": "2025-06-28 11:27:48"
  },
  {
    "id": 76,
    "expression": "1135-6",
    "result": 1129.0,
    "created_at": "2025-06-28 11:27:49"
  },
  {
    "id": 77,
    "expression": "99*99",
    "result": 9801.0,
    "created_at": "2025-06-28 11:27:50"
  },
  {
    "id": 78,
    "expression": "1135-6",
    "result": 1129.0,
    "created_at": "2025-06-28 11:27:51"
  },
  {
    "id": 79,
    "expression": "1135-6",
    "result": 1129.0,
    "created_at": "2025-06-28 11:27:52"
  },
  {
    "id": 80,
    "expression": "1135-6",
    "result": 1129.0,
    "created_at": "2025-06-28 11:27:52"
  },
  {
    "id": 81,
    "expression": "99*99",
    "result": 9801.0,
    "created_at": "2025-06-28 11:27:53"
  },
  {
    "id": 82,
    "expression": "980122/9999",
    "result": 98.022,
    "created_at": "2025-06-28 11:28:05"
  },
  {
    "id": 83,
    "expression": "980122/9999",
    "result": 98.022,
    "created_at": "2025-06-28 11:28:07"
  },
  {
    "id": 84,
    "expression": "11*11",
    "result": 121.0,
    "created_at": "2025-06-28 11:41:18"
  },
  {
    "id": 85,
    "expression": "(88888-666666)/32",
    "result": -18055.6,
    "created_at": "2025-06-28 11:41:30"
  },
  {
    "id": 86,
    "expression": "99-65+211*99",
    "result": 20923.0,
    "created_at": "2025-06-28 11:41:43"
  },
  {
    "id": 87,
    "expression": "209231*1",
    "result": 209231.0,
    "created_at": "2025-06-28 11:41:48"
  },
  {
    "id": 88,
    "expression": "1+1+3*3",
    "result": 11.0,
    "created_at": "2025-06-28 11:42:05"
  },
  {
    "id": 89,
    "expression": "209231*1",
    "result": 209231.0,
    "created_at": "2025-06-28 11:42:08"
  },
  {
    "id": 90,
    "expression": "11*11",
    "result": 121.0,
    "created_at": "2025-06-28 11:42:09"
  },
  {
    "id": 91,
    "expression": "980122/9999",
    "result": 98.022,
    "created_at": "2025-06-28 11:42:10"
  },
  {
    "id": 92,
    "expression": "(88888-666666)/32",
    "result": -18055.6,
    "created_at": "2025-06-28 11:42:11"
  },
  {
    "id": 93,
    "expression": "11*11",
    "result": 121.0,
    "created_at": "2025-06-28 11:42:12"
  },
  {
    "id": 94,
    "expression": "11*11",
    "result": 121.0,
    "created_at": "2025-06-28 11:42:12"
  },
  {
    "id": 95,
    "expression": "11*11",
    "result": 121.0,
    "created_at": "2025-06-28 11:42:13"
  },
  {
    "id": 96,
    "expression": "(88888-666666)/32",
    "result": -18055.6,
    "created_at": "2025-06-28 11:42:13"
  },
  {
    "id": 97,
    "expression": "999*9999",
    "result": 9989000.0,
    "created_at": "2025-06-28 11:42:35"
  },
  {
    "id": 98,
    "expression": "11*11",
    "result": 121.0,
    "created_at": "2025-06-28 11:42:40"
  },
  {
    "id": 99,
    "expression": "(88888-666666)/32",
    "result": -18055.6,
    "created_at": "2025-06-28 11:42:40"
  },
  {
    "id": 100,
    "expression": "11*11",
    "result": 121.0,
    "created_at": "2025-06-28 11:42:41"
  },
  {
    "id": 101,
    "expression": "999*9999",
    "result": 9989000.0,
    "created_at": "2025-06-28 11:42:41"
  },
  {
    "id": 102,
    "expression": "(88888-666666)/32",
    "result": -18055.6,
    "created_at": "2025-06-28 11:42:42"
  },
  {
    "id": 103,
    "expression": "999*9999",
    "result": 9989000.0,
    "created_at": "2025-06-28 11:42:42"
  },
  {
    "id": 104,
    "expression": "999*9999",
    "result": 9989000.0,
    "created_at": "2025-06-28 11:42:43"
  },
  {
    "id": 105,
    "expression": "77-66",
    "result": 11.0,
    "created_at": "2025-06-28 11:42:57"
  },
  {
    "id": 106,
    "expression": "1199*99",
    "result": 118701.0,
    "created_at": "2025-06-28 11:43:03"
  },
  {
    "id": 107,
    "expression": "999*9999",
    "result": 9989000.0,
    "created_at": "2025-06-28 11:43:05"
  },
  {
    "id": 108,
    "expression": "11*11",
    "result": 121.0,
    "created_at": "2025-06-28 11:43:07"
  },
  {
    "id": 109,
    "expression": "11*11",
    "result": 121.0,
    "created_at": "2025-06-28 11:43:07"
  },
  {
    "id": 110,
    "expression": "(88888-666666)/32",
    "result": -18055.6,
    "created_at": "2025-06-28 11:43:07"
  },
  {
    "id": 111,
    "expression": "11*11",
    "result": 121.0,
    "created_at": "2025-06-28 11:43:08"
  },
  {
    "id": 112,
    "expression": "(88888-666666)/32",
    "result": -18055.6,
    "created_at": "2025-06-28 11:43:08"
  },
  {
    "id": 113,
    "expression": "11*11",
    "result": 121.0,
    "created_at": "2025-06-28 11:43:09"
  },
  {
    "id": 114,
    "expression": "9*9",
    "result": 81.0,
    "created_at": "2025-06-28 11:43:25"
  }
]